[
  {
    "__type__": "cc.Prefab",
    "_name": "gold-group-2",
    "_objFlags": 0,
    "_rawFiles": null,
    "data": {
      "__id__": 1
    }
  },
  {
    "__type__": "cc.Node",
    "_name": "gold-group-2",
    "_objFlags": 0,
    "_opacity": 255,
    "_color": {
      "__type__": "cc.Color",
      "r": 255,
      "g": 255,
      "b": 255,
      "a": 255
    },
    "_cascadeOpacityEnabled": true,
    "_parent": null,
    "_anchorPoint": {
      "__type__": "cc.Vec2",
      "x": 0.5,
      "y": 0.5
    },
    "_contentSize": {
      "__type__": "cc.Size",
      "width": 0,
      "height": 0
    },
    "_children": [
      {
        "__id__": 2
      },
      {
        "__id__": 7
      },
      {
        "__id__": 12
      },
      {
        "__id__": 17
      },
      {
        "__id__": 22
      },
      {
        "__id__": 27
      },
      {
        "__id__": 32
      },
      {
        "__id__": 37
      },
      {
        "__id__": 42
      },
      {
        "__id__": 47
      },
      {
        "__id__": 52
      },
      {
        "__id__": 57
      },
      {
        "__id__": 62
      },
      {
        "__id__": 67
      }
    ],
    "_rotationX": 0,
    "_rotationY": 0,
    "_scaleX": 1,
    "_scaleY": 1,
    "_position": {
      "__type__": "cc.Vec2",
      "x": 4,
      "y": 76
    },
    "_skewX": 0,
    "_skewY": 0,
    "_localZOrder": 0,
    "_globalZOrder": 0,
    "_tag": -1,
    "_opacityModifyRGB": false,
    "_id": "",
    "_active": true,
    "_components": [],
    "_prefab": {
      "__id__": 72
    },
    "groupIndex": 0
  },
  {
    "__type__": "cc.Node",
    "_name": "gold",
    "_objFlags": 0,
    "_opacity": 255,
    "_color": {
      "__type__": "cc.Color",
      "r": 255,
      "g": 255,
      "b": 255,
      "a": 255
    },
    "_cascadeOpacityEnabled": true,
    "_parent": {
      "__id__": 1
    },
    "_anchorPoint": {
      "__type__": "cc.Vec2",
      "x": 0.5,
      "y": 0.5
    },
    "_contentSize": {
      "__type__": "cc.Size",
      "width": 43,
      "height": 43
    },
    "_children": [],
    "_rotationX": 0,
    "_rotationY": 0,
    "_scaleX": 1,
    "_scaleY": 1,
    "_position": {
      "__type__": "cc.Vec2",
      "x": -69,
      "y": 330
    },
    "_skewX": 0,
    "_skewY": 0,
    "_localZOrder": 0,
    "_globalZOrder": 0,
    "_tag": -1,
    "_opacityModifyRGB": false,
    "_id": "",
    "_active": true,
    "_components": [
      {
        "__id__": 3
      },
      {
        "__id__": 4
      },
      {
        "__id__": 5
      }
    ],
    "_prefab": {
      "__id__": 6
    },
    "groupIndex": 3
  },
  {
    "__type__": "cc.Sprite",
    "_name": "",
    "_objFlags": 0,
    "node": {
      "__id__": 2
    },
    "_enabled": true,
    "_spriteFrame": {
      "__uuid__": "a050d3fa-d21f-44ff-8354-a14e949eb330"
    },
    "_type": 0,
    "_sizeMode": 1,
    "_fillType": 0,
    "_fillCenter": {
      "__type__": "cc.Vec2",
      "x": 0,
      "y": 0
    },
    "_fillStart": 0,
    "_fillRange": 0,
    "_isTrimmedMode": true,
    "_srcBlendFactor": 770,
    "_dstBlendFactor": 771,
    "_atlas": {
      "__uuid__": "27822d9a-4ac0-473a-bec2-4bece7eda591"
    }
  },
  {
    "__type__": "cc.Animation",
    "_name": "",
    "_objFlags": 0,
    "node": {
      "__id__": 2
    },
    "_enabled": true,
    "_defaultClip": {
      "__uuid__": "b59c81e6-738c-4d04-ad7b-9c4b7d816cf4"
    },
    "_clips": [
      {
        "__uuid__": "b59c81e6-738c-4d04-ad7b-9c4b7d816cf4"
      }
    ],
    "playOnLoad": true
  },
  {
    "__type__": "cc.BoxCollider",
    "_name": "",
    "_objFlags": 0,
    "node": {
      "__id__": 2
    },
    "_enabled": true,
    "tag": 1,
    "_offset": {
      "__type__": "cc.Vec2",
      "x": 0,
      "y": -0.1
    },
    "_size": {
      "__type__": "cc.Size",
      "width": 32.5,
      "height": 33.8
    }
  },
  {
    "__type__": "cc.PrefabInfo",
    "root": {
      "__id__": 1
    },
    "asset": {
      "__uuid__": "1d67bb5d-6428-4013-9c24-0032a831b13c"
    },
    "fileId": "dc849BAtpJIl6bhVzv9z8Be"
  },
  {
    "__type__": "cc.Node",
    "_name": "gold",
    "_objFlags": 0,
    "_opacity": 255,
    "_color": {
      "__type__": "cc.Color",
      "r": 255,
      "g": 255,
      "b": 255,
      "a": 255
    },
    "_cascadeOpacityEnabled": true,
    "_parent": {
      "__id__": 1
    },
    "_anchorPoint": {
      "__type__": "cc.Vec2",
      "x": 0.5,
      "y": 0.5
    },
    "_contentSize": {
      "__type__": "cc.Size",
      "width": 43,
      "height": 43
    },
    "_children": [],
    "_rotationX": 0,
    "_rotationY": 0,
    "_scaleX": 1,
    "_scaleY": 1,
    "_position": {
      "__type__": "cc.Vec2",
      "x": 1,
      "y": 59
    },
    "_skewX": 0,
    "_skewY": 0,
    "_localZOrder": 0,
    "_globalZOrder": 0,
    "_tag": -1,
    "_opacityModifyRGB": false,
    "_id": "",
    "_active": true,
    "_components": [
      {
        "__id__": 8
      },
      {
        "__id__": 9
      },
      {
        "__id__": 10
      }
    ],
    "_prefab": {
      "__id__": 11
    },
    "groupIndex": 3
  },
  {
    "__type__": "cc.Sprite",
    "_name": "",
    "_objFlags": 0,
    "node": {
      "__id__": 7
    },
    "_enabled": true,
    "_spriteFrame": {
      "__uuid__": "a050d3fa-d21f-44ff-8354-a14e949eb330"
    },
    "_type": 0,
    "_sizeMode": 1,
    "_fillType": 0,
    "_fillCenter": {
      "__type__": "cc.Vec2",
      "x": 0,
      "y": 0
    },
    "_fillStart": 0,
    "_fillRange": 0,
    "_isTrimmedMode": true,
    "_srcBlendFactor": 770,
    "_dstBlendFactor": 771,
    "_atlas": {
      "__uuid__": "27822d9a-4ac0-473a-bec2-4bece7eda591"
    }
  },
  {
    "__type__": "cc.Animation",
    "_name": "",
    "_objFlags": 0,
    "node": {
      "__id__": 7
    },
    "_enabled": true,
    "_defaultClip": {
      "__uuid__": "b59c81e6-738c-4d04-ad7b-9c4b7d816cf4"
    },
    "_clips": [
      {
        "__uuid__": "b59c81e6-738c-4d04-ad7b-9c4b7d816cf4"
      }
    ],
    "playOnLoad": true
  },
  {
    "__type__": "cc.BoxCollider",
    "_name": "",
    "_objFlags": 0,
    "node": {
      "__id__": 7
    },
    "_enabled": true,
    "tag": 1,
    "_offset": {
      "__type__": "cc.Vec2",
      "x": 0,
      "y": -0.1
    },
    "_size": {
      "__type__": "cc.Size",
      "width": 32.5,
      "height": 33.8
    }
  },
  {
    "__type__": "cc.PrefabInfo",
    "root": {
      "__id__": 1
    },
    "asset": {
      "__uuid__": "1d67bb5d-6428-4013-9c24-0032a831b13c"
    },
    "fileId": "e87d4XdmShGLbAgWgg+S9pH"
  },
  {
    "__type__": "cc.Node",
    "_name": "gold",
    "_objFlags": 0,
    "_opacity": 255,
    "_color": {
      "__type__": "cc.Color",
      "r": 255,
      "g": 255,
      "b": 255,
      "a": 255
    },
    "_cascadeOpacityEnabled": true,
    "_parent": {
      "__id__": 1
    },
    "_anchorPoint": {
      "__type__": "cc.Vec2",
      "x": 0.5,
      "y": 0.5
    },
    "_contentSize": {
      "__type__": "cc.Size",
      "width": 43,
      "height": 43
    },
    "_children": [],
    "_rotationX": 0,
    "_rotationY": 0,
    "_scaleX": 1,
    "_scaleY": 1,
    "_position": {
      "__type__": "cc.Vec2",
      "x": -47,
      "y": 97
    },
    "_skewX": 0,
    "_skewY": 0,
    "_localZOrder": 0,
    "_globalZOrder": 0,
    "_tag": -1,
    "_opacityModifyRGB": false,
    "_id": "",
    "_active": true,
    "_components": [
      {
        "__id__": 13
      },
      {
        "__id__": 14
      },
      {
        "__id__": 15
      }
    ],
    "_prefab": {
      "__id__": 16
    },
    "groupIndex": 3
  },
  {
    "__type__": "cc.Sprite",
    "_name": "",
    "_objFlags": 0,
    "node": {
      "__id__": 12
    },
    "_enabled": true,
    "_spriteFrame": {
      "__uuid__": "a050d3fa-d21f-44ff-8354-a14e949eb330"
    },
    "_type": 0,
    "_sizeMode": 1,
    "_fillType": 0,
    "_fillCenter": {
      "__type__": "cc.Vec2",
      "x": 0,
      "y": 0
    },
    "_fillStart": 0,
    "_fillRange": 0,
    "_isTrimmedMode": true,
    "_srcBlendFactor": 770,
    "_dstBlendFactor": 771,
    "_atlas": {
      "__uuid__": "27822d9a-4ac0-473a-bec2-4bece7eda591"
    }
  },
  {
    "__type__": "cc.Animation",
    "_name": "",
    "_objFlags": 0,
    "node": {
      "__id__": 12
    },
    "_enabled": true,
    "_defaultClip": {
      "__uuid__": "b59c81e6-738c-4d04-ad7b-9c4b7d816cf4"
    },
    "_clips": [
      {
        "__uuid__": "b59c81e6-738c-4d04-ad7b-9c4b7d816cf4"
      }
    ],
    "playOnLoad": true
  },
  {
    "__type__": "cc.BoxCollider",
    "_name": "",
    "_objFlags": 0,
    "node": {
      "__id__": 12
    },
    "_enabled": true,
    "tag": 1,
    "_offset": {
      "__type__": "cc.Vec2",
      "x": 0,
      "y": -0.1
    },
    "_size": {
      "__type__": "cc.Size",
      "width": 32.5,
      "height": 33.8
    }
  },
  {
    "__type__": "cc.PrefabInfo",
    "root": {
      "__id__": 1
    },
    "asset": {
      "__uuid__": "1d67bb5d-6428-4013-9c24-0032a831b13c"
    },
    "fileId": "84166nv06xNsoQax4I205cR"
  },
  {
    "__type__": "cc.Node",
    "_name": "gold",
    "_objFlags": 0,
    "_opacity": 255,
    "_color": {
      "__type__": "cc.Color",
      "r": 255,
      "g": 255,
      "b": 255,
      "a": 255
    },
    "_cascadeOpacityEnabled": true,
    "_parent": {
      "__id__": 1
    },
    "_anchorPoint": {
      "__type__": "cc.Vec2",
      "x": 0.5,
      "y": 0.5
    },
    "_contentSize": {
      "__type__": "cc.Size",
      "width": 43,
      "height": 43
    },
    "_children": [],
    "_rotationX": 0,
    "_rotationY": 0,
    "_scaleX": 1,
    "_scaleY": 1,
    "_position": {
      "__type__": "cc.Vec2",
      "x": -84,
      "y": 141
    },
    "_skewX": 0,
    "_skewY": 0,
    "_localZOrder": 0,
    "_globalZOrder": 0,
    "_tag": -1,
    "_opacityModifyRGB": false,
    "_id": "",
    "_active": true,
    "_components": [
      {
        "__id__": 18
      },
      {
        "__id__": 19
      },
      {
        "__id__": 20
      }
    ],
    "_prefab": {
      "__id__": 21
    },
    "groupIndex": 3
  },
  {
    "__type__": "cc.Sprite",
    "_name": "",
    "_objFlags": 0,
    "node": {
      "__id__": 17
    },
    "_enabled": true,
    "_spriteFrame": {
      "__uuid__": "a050d3fa-d21f-44ff-8354-a14e949eb330"
    },
    "_type": 0,
    "_sizeMode": 1,
    "_fillType": 0,
    "_fillCenter": {
      "__type__": "cc.Vec2",
      "x": 0,
      "y": 0
    },
    "_fillStart": 0,
    "_fillRange": 0,
    "_isTrimmedMode": true,
    "_srcBlendFactor": 770,
    "_dstBlendFactor": 771,
    "_atlas": {
      "__uuid__": "27822d9a-4ac0-473a-bec2-4bece7eda591"
    }
  },
  {
    "__type__": "cc.Animation",
    "_name": "",
    "_objFlags": 0,
    "node": {
      "__id__": 17
    },
    "_enabled": true,
    "_defaultClip": {
      "__uuid__": "b59c81e6-738c-4d04-ad7b-9c4b7d816cf4"
    },
    "_clips": [
      {
        "__uuid__": "b59c81e6-738c-4d04-ad7b-9c4b7d816cf4"
      }
    ],
    "playOnLoad": true
  },
  {
    "__type__": "cc.BoxCollider",
    "_name": "",
    "_objFlags": 0,
    "node": {
      "__id__": 17
    },
    "_enabled": true,
    "tag": 1,
    "_offset": {
      "__type__": "cc.Vec2",
      "x": 0,
      "y": -0.1
    },
    "_size": {
      "__type__": "cc.Size",
      "width": 32.5,
      "height": 33.8
    }
  },
  {
    "__type__": "cc.PrefabInfo",
    "root": {
      "__id__": 1
    },
    "asset": {
      "__uuid__": "1d67bb5d-6428-4013-9c24-0032a831b13c"
    },
    "fileId": "d535ajiF8lOYJjdriEH2t0G"
  },
  {
    "__type__": "cc.Node",
    "_name": "gold",
    "_objFlags": 0,
    "_opacity": 255,
    "_color": {
      "__type__": "cc.Color",
      "r": 255,
      "g": 255,
      "b": 255,
      "a": 255
    },
    "_cascadeOpacityEnabled": true,
    "_parent": {
      "__id__": 1
    },
    "_anchorPoint": {
      "__type__": "cc.Vec2",
      "x": 0.5,
      "y": 0.5
    },
    "_contentSize": {
      "__type__": "cc.Size",
      "width": 43,
      "height": 43
    },
    "_children": [],
    "_rotationX": 0,
    "_rotationY": 0,
    "_scaleX": 1,
    "_scaleY": 1,
    "_position": {
      "__type__": "cc.Vec2",
      "x": -110,
      "y": 200
    },
    "_skewX": 0,
    "_skewY": 0,
    "_localZOrder": 0,
    "_globalZOrder": 0,
    "_tag": -1,
    "_opacityModifyRGB": false,
    "_id": "",
    "_active": true,
    "_components": [
      {
        "__id__": 23
      },
      {
        "__id__": 24
      },
      {
        "__id__": 25
      }
    ],
    "_prefab": {
      "__id__": 26
    },
    "groupIndex": 3
  },
  {
    "__type__": "cc.Sprite",
    "_name": "",
    "_objFlags": 0,
    "node": {
      "__id__": 22
    },
    "_enabled": true,
    "_spriteFrame": {
      "__uuid__": "a050d3fa-d21f-44ff-8354-a14e949eb330"
    },
    "_type": 0,
    "_sizeMode": 1,
    "_fillType": 0,
    "_fillCenter": {
      "__type__": "cc.Vec2",
      "x": 0,
      "y": 0
    },
    "_fillStart": 0,
    "_fillRange": 0,
    "_isTrimmedMode": true,
    "_srcBlendFactor": 770,
    "_dstBlendFactor": 771,
    "_atlas": {
      "__uuid__": "27822d9a-4ac0-473a-bec2-4bece7eda591"
    }
  },
  {
    "__type__": "cc.Animation",
    "_name": "",
    "_objFlags": 0,
    "node": {
      "__id__": 22
    },
    "_enabled": true,
    "_defaultClip": {
      "__uuid__": "b59c81e6-738c-4d04-ad7b-9c4b7d816cf4"
    },
    "_clips": [
      {
        "__uuid__": "b59c81e6-738c-4d04-ad7b-9c4b7d816cf4"
      }
    ],
    "playOnLoad": true
  },
  {
    "__type__": "cc.BoxCollider",
    "_name": "",
    "_objFlags": 0,
    "node": {
      "__id__": 22
    },
    "_enabled": true,
    "tag": 1,
    "_offset": {
      "__type__": "cc.Vec2",
      "x": 0,
      "y": -0.1
    },
    "_size": {
      "__type__": "cc.Size",
      "width": 32.5,
      "height": 33.8
    }
  },
  {
    "__type__": "cc.PrefabInfo",
    "root": {
      "__id__": 1
    },
    "asset": {
      "__uuid__": "1d67bb5d-6428-4013-9c24-0032a831b13c"
    },
    "fileId": "d5b12TkC+1I6J2eWZ8mdb5/"
  },
  {
    "__type__": "cc.Node",
    "_name": "gold",
    "_objFlags": 0,
    "_opacity": 255,
    "_color": {
      "__type__": "cc.Color",
      "r": 255,
      "g": 255,
      "b": 255,
      "a": 255
    },
    "_cascadeOpacityEnabled": true,
    "_parent": {
      "__id__": 1
    },
    "_anchorPoint": {
      "__type__": "cc.Vec2",
      "x": 0.5,
      "y": 0.5
    },
    "_contentSize": {
      "__type__": "cc.Size",
      "width": 43,
      "height": 43
    },
    "_children": [],
    "_rotationX": 0,
    "_rotationY": 0,
    "_scaleX": 1,
    "_scaleY": 1,
    "_position": {
      "__type__": "cc.Vec2",
      "x": -109,
      "y": 274
    },
    "_skewX": 0,
    "_skewY": 0,
    "_localZOrder": 0,
    "_globalZOrder": 0,
    "_tag": -1,
    "_opacityModifyRGB": false,
    "_id": "",
    "_active": true,
    "_components": [
      {
        "__id__": 28
      },
      {
        "__id__": 29
      },
      {
        "__id__": 30
      }
    ],
    "_prefab": {
      "__id__": 31
    },
    "groupIndex": 3
  },
  {
    "__type__": "cc.Sprite",
    "_name": "",
    "_objFlags": 0,
    "node": {
      "__id__": 27
    },
    "_enabled": true,
    "_spriteFrame": {
      "__uuid__": "a050d3fa-d21f-44ff-8354-a14e949eb330"
    },
    "_type": 0,
    "_sizeMode": 1,
    "_fillType": 0,
    "_fillCenter": {
      "__type__": "cc.Vec2",
      "x": 0,
      "y": 0
    },
    "_fillStart": 0,
    "_fillRange": 0,
    "_isTrimmedMode": true,
    "_srcBlendFactor": 770,
    "_dstBlendFactor": 771,
    "_atlas": {
      "__uuid__": "27822d9a-4ac0-473a-bec2-4bece7eda591"
    }
  },
  {
    "__type__": "cc.Animation",
    "_name": "",
    "_objFlags": 0,
    "node": {
      "__id__": 27
    },
    "_enabled": true,
    "_defaultClip": {
      "__uuid__": "b59c81e6-738c-4d04-ad7b-9c4b7d816cf4"
    },
    "_clips": [
      {
        "__uuid__": "b59c81e6-738c-4d04-ad7b-9c4b7d816cf4"
      }
    ],
    "playOnLoad": true
  },
  {
    "__type__": "cc.BoxCollider",
    "_name": "",
    "_objFlags": 0,
    "node": {
      "__id__": 27
    },
    "_enabled": true,
    "tag": 1,
    "_offset": {
      "__type__": "cc.Vec2",
      "x": 0,
      "y": -0.1
    },
    "_size": {
      "__type__": "cc.Size",
      "width": 32.5,
      "height": 33.8
    }
  },
  {
    "__type__": "cc.PrefabInfo",
    "root": {
      "__id__": 1
    },
    "asset": {
      "__uuid__": "1d67bb5d-6428-4013-9c24-0032a831b13c"
    },
    "fileId": "e1da7O9l/hE4J6uBEfNoUzt"
  },
  {
    "__type__": "cc.Node",
    "_name": "gold",
    "_objFlags": 0,
    "_opacity": 255,
    "_color": {
      "__type__": "cc.Color",
      "r": 255,
      "g": 255,
      "b": 255,
      "a": 255
    },
    "_cascadeOpacityEnabled": true,
    "_parent": {
      "__id__": 1
    },
    "_anchorPoint": {
      "__type__": "cc.Vec2",
      "x": 0.5,
      "y": 0.5
    },
    "_contentSize": {
      "__type__": "cc.Size",
      "width": 43,
      "height": 43
    },
    "_children": [],
    "_rotationX": 0,
    "_rotationY": 0,
    "_scaleX": 1,
    "_scaleY": 1,
    "_position": {
      "__type__": "cc.Vec2",
      "x": 32,
      "y": 265
    },
    "_skewX": 0,
    "_skewY": 0,
    "_localZOrder": 0,
    "_globalZOrder": 0,
    "_tag": -1,
    "_opacityModifyRGB": false,
    "_id": "",
    "_active": true,
    "_components": [
      {
        "__id__": 33
      },
      {
        "__id__": 34
      },
      {
        "__id__": 35
      }
    ],
    "_prefab": {
      "__id__": 36
    },
    "groupIndex": 3
  },
  {
    "__type__": "cc.Sprite",
    "_name": "",
    "_objFlags": 0,
    "node": {
      "__id__": 32
    },
    "_enabled": true,
    "_spriteFrame": {
      "__uuid__": "a050d3fa-d21f-44ff-8354-a14e949eb330"
    },
    "_type": 0,
    "_sizeMode": 1,
    "_fillType": 0,
    "_fillCenter": {
      "__type__": "cc.Vec2",
      "x": 0,
      "y": 0
    },
    "_fillStart": 0,
    "_fillRange": 0,
    "_isTrimmedMode": true,
    "_srcBlendFactor": 770,
    "_dstBlendFactor": 771,
    "_atlas": {
      "__uuid__": "27822d9a-4ac0-473a-bec2-4bece7eda591"
    }
  },
  {
    "__type__": "cc.Animation",
    "_name": "",
    "_objFlags": 0,
    "node": {
      "__id__": 32
    },
    "_enabled": true,
    "_defaultClip": {
      "__uuid__": "b59c81e6-738c-4d04-ad7b-9c4b7d816cf4"
    },
    "_clips": [
      {
        "__uuid__": "b59c81e6-738c-4d04-ad7b-9c4b7d816cf4"
      }
    ],
    "playOnLoad": true
  },
  {
    "__type__": "cc.BoxCollider",
    "_name": "",
    "_objFlags": 0,
    "node": {
      "__id__": 32
    },
    "_enabled": true,
    "tag": 1,
    "_offset": {
      "__type__": "cc.Vec2",
      "x": 0,
      "y": -0.1
    },
    "_size": {
      "__type__": "cc.Size",
      "width": 32.5,
      "height": 33.8
    }
  },
  {
    "__type__": "cc.PrefabInfo",
    "root": {
      "__id__": 1
    },
    "asset": {
      "__uuid__": "1d67bb5d-6428-4013-9c24-0032a831b13c"
    },
    "fileId": "b4b093+/kVEeoaJaV7d7Nat"
  },
  {
    "__type__": "cc.Node",
    "_name": "gold",
    "_objFlags": 0,
    "_opacity": 255,
    "_color": {
      "__type__": "cc.Color",
      "r": 255,
      "g": 255,
      "b": 255,
      "a": 255
    },
    "_cascadeOpacityEnabled": true,
    "_parent": {
      "__id__": 1
    },
    "_anchorPoint": {
      "__type__": "cc.Vec2",
      "x": 0.5,
      "y": 0.5
    },
    "_contentSize": {
      "__type__": "cc.Size",
      "width": 43,
      "height": 43
    },
    "_children": [],
    "_rotationX": 0,
    "_rotationY": 0,
    "_scaleX": 1,
    "_scaleY": 1,
    "_position": {
      "__type__": "cc.Vec2",
      "x": 98,
      "y": 313
    },
    "_skewX": 0,
    "_skewY": 0,
    "_localZOrder": 0,
    "_globalZOrder": 0,
    "_tag": -1,
    "_opacityModifyRGB": false,
    "_id": "",
    "_active": true,
    "_components": [
      {
        "__id__": 38
      },
      {
        "__id__": 39
      },
      {
        "__id__": 40
      }
    ],
    "_prefab": {
      "__id__": 41
    },
    "groupIndex": 3
  },
  {
    "__type__": "cc.Sprite",
    "_name": "",
    "_objFlags": 0,
    "node": {
      "__id__": 37
    },
    "_enabled": true,
    "_spriteFrame": {
      "__uuid__": "a050d3fa-d21f-44ff-8354-a14e949eb330"
    },
    "_type": 0,
    "_sizeMode": 1,
    "_fillType": 0,
    "_fillCenter": {
      "__type__": "cc.Vec2",
      "x": 0,
      "y": 0
    },
    "_fillStart": 0,
    "_fillRange": 0,
    "_isTrimmedMode": true,
    "_srcBlendFactor": 770,
    "_dstBlendFactor": 771,
    "_atlas": {
      "__uuid__": "27822d9a-4ac0-473a-bec2-4bece7eda591"
    }
  },
  {
    "__type__": "cc.Animation",
    "_name": "",
    "_objFlags": 0,
    "node": {
      "__id__": 37
    },
    "_enabled": true,
    "_defaultClip": {
      "__uuid__": "b59c81e6-738c-4d04-ad7b-9c4b7d816cf4"
    },
    "_clips": [
      {
        "__uuid__": "b59c81e6-738c-4d04-ad7b-9c4b7d816cf4"
      }
    ],
    "playOnLoad": true
  },
  {
    "__type__": "cc.BoxCollider",
    "_name": "",
    "_objFlags": 0,
    "node": {
      "__id__": 37
    },
    "_enabled": true,
    "tag": 1,
    "_offset": {
      "__type__": "cc.Vec2",
      "x": 0,
      "y": -0.1
    },
    "_size": {
      "__type__": "cc.Size",
      "width": 32.5,
      "height": 33.8
    }
  },
  {
    "__type__": "cc.PrefabInfo",
    "root": {
      "__id__": 1
    },
    "asset": {
      "__uuid__": "1d67bb5d-6428-4013-9c24-0032a831b13c"
    },
    "fileId": "89436ypgoJJtpkG6ap/yaDY"
  },
  {
    "__type__": "cc.Node",
    "_name": "gold",
    "_objFlags": 0,
    "_opacity": 255,
    "_color": {
      "__type__": "cc.Color",
      "r": 255,
      "g": 255,
      "b": 255,
      "a": 255
    },
    "_cascadeOpacityEnabled": true,
    "_parent": {
      "__id__": 1
    },
    "_anchorPoint": {
      "__type__": "cc.Vec2",
      "x": 0.5,
      "y": 0.5
    },
    "_contentSize": {
      "__type__": "cc.Size",
      "width": 43,
      "height": 43
    },
    "_children": [],
    "_rotationX": 0,
    "_rotationY": 0,
    "_scaleX": 1,
    "_scaleY": 1,
    "_position": {
      "__type__": "cc.Vec2",
      "x": 216,
      "y": 261
    },
    "_skewX": 0,
    "_skewY": 0,
    "_localZOrder": 0,
    "_globalZOrder": 0,
    "_tag": -1,
    "_opacityModifyRGB": false,
    "_id": "",
    "_active": true,
    "_components": [
      {
        "__id__": 43
      },
      {
        "__id__": 44
      },
      {
        "__id__": 45
      }
    ],
    "_prefab": {
      "__id__": 46
    },
    "groupIndex": 3
  },
  {
    "__type__": "cc.Sprite",
    "_name": "",
    "_objFlags": 0,
    "node": {
      "__id__": 42
    },
    "_enabled": true,
    "_spriteFrame": {
      "__uuid__": "a050d3fa-d21f-44ff-8354-a14e949eb330"
    },
    "_type": 0,
    "_sizeMode": 1,
    "_fillType": 0,
    "_fillCenter": {
      "__type__": "cc.Vec2",
      "x": 0,
      "y": 0
    },
    "_fillStart": 0,
    "_fillRange": 0,
    "_isTrimmedMode": true,
    "_srcBlendFactor": 770,
    "_dstBlendFactor": 771,
    "_atlas": {
      "__uuid__": "27822d9a-4ac0-473a-bec2-4bece7eda591"
    }
  },
  {
    "__type__": "cc.Animation",
    "_name": "",
    "_objFlags": 0,
    "node": {
      "__id__": 42
    },
    "_enabled": true,
    "_defaultClip": {
      "__uuid__": "b59c81e6-738c-4d04-ad7b-9c4b7d816cf4"
    },
    "_clips": [
      {
        "__uuid__": "b59c81e6-738c-4d04-ad7b-9c4b7d816cf4"
      }
    ],
    "playOnLoad": true
  },
  {
    "__type__": "cc.BoxCollider",
    "_name": "",
    "_objFlags": 0,
    "node": {
      "__id__": 42
    },
    "_enabled": true,
    "tag": 1,
    "_offset": {
      "__type__": "cc.Vec2",
      "x": 0,
      "y": -0.1
    },
    "_size": {
      "__type__": "cc.Size",
      "width": 32.5,
      "height": 33.8
    }
  },
  {
    "__type__": "cc.PrefabInfo",
    "root": {
      "__id__": 1
    },
    "asset": {
      "__uuid__": "1d67bb5d-6428-4013-9c24-0032a831b13c"
    },
    "fileId": "f7a80SYzz1I8aLf2pWk9vY1"
  },
  {
    "__type__": "cc.Node",
    "_name": "gold",
    "_objFlags": 0,
    "_opacity": 255,
    "_color": {
      "__type__": "cc.Color",
      "r": 255,
      "g": 255,
      "b": 255,
      "a": 255
    },
    "_cascadeOpacityEnabled": true,
    "_parent": {
      "__id__": 1
    },
    "_anchorPoint": {
      "__type__": "cc.Vec2",
      "x": 0.5,
      "y": 0.5
    },
    "_contentSize": {
      "__type__": "cc.Size",
      "width": 43,
      "height": 43
    },
    "_children": [],
    "_rotationX": 0,
    "_rotationY": 0,
    "_scaleX": 1,
    "_scaleY": 1,
    "_position": {
      "__type__": "cc.Vec2",
      "x": 66,
      "y": 93
    },
    "_skewX": 0,
    "_skewY": 0,
    "_localZOrder": 0,
    "_globalZOrder": 0,
    "_tag": -1,
    "_opacityModifyRGB": false,
    "_id": "",
    "_active": true,
    "_components": [
      {
        "__id__": 48
      },
      {
        "__id__": 49
      },
      {
        "__id__": 50
      }
    ],
    "_prefab": {
      "__id__": 51
    },
    "groupIndex": 3
  },
  {
    "__type__": "cc.Sprite",
    "_name": "",
    "_objFlags": 0,
    "node": {
      "__id__": 47
    },
    "_enabled": true,
    "_spriteFrame": {
      "__uuid__": "a050d3fa-d21f-44ff-8354-a14e949eb330"
    },
    "_type": 0,
    "_sizeMode": 1,
    "_fillType": 0,
    "_fillCenter": {
      "__type__": "cc.Vec2",
      "x": 0,
      "y": 0
    },
    "_fillStart": 0,
    "_fillRange": 0,
    "_isTrimmedMode": true,
    "_srcBlendFactor": 770,
    "_dstBlendFactor": 771,
    "_atlas": {
      "__uuid__": "27822d9a-4ac0-473a-bec2-4bece7eda591"
    }
  },
  {
    "__type__": "cc.Animation",
    "_name": "",
    "_objFlags": 0,
    "node": {
      "__id__": 47
    },
    "_enabled": true,
    "_defaultClip": {
      "__uuid__": "b59c81e6-738c-4d04-ad7b-9c4b7d816cf4"
    },
    "_clips": [
      {
        "__uuid__": "b59c81e6-738c-4d04-ad7b-9c4b7d816cf4"
      }
    ],
    "playOnLoad": true
  },
  {
    "__type__": "cc.BoxCollider",
    "_name": "",
    "_objFlags": 0,
    "node": {
      "__id__": 47
    },
    "_enabled": true,
    "tag": 1,
    "_offset": {
      "__type__": "cc.Vec2",
      "x": 0,
      "y": -0.1
    },
    "_size": {
      "__type__": "cc.Size",
      "width": 32.5,
      "height": 33.8
    }
  },
  {
    "__type__": "cc.PrefabInfo",
    "root": {
      "__id__": 1
    },
    "asset": {
      "__uuid__": "1d67bb5d-6428-4013-9c24-0032a831b13c"
    },
    "fileId": "0949fYBpvJIfLBSpGYdsFAv"
  },
  {
    "__type__": "cc.Node",
    "_name": "gold",
    "_objFlags": 0,
    "_opacity": 255,
    "_color": {
      "__type__": "cc.Color",
      "r": 255,
      "g": 255,
      "b": 255,
      "a": 255
    },
    "_cascadeOpacityEnabled": true,
    "_parent": {
      "__id__": 1
    },
    "_anchorPoint": {
      "__type__": "cc.Vec2",
      "x": 0.5,
      "y": 0.5
    },
    "_contentSize": {
      "__type__": "cc.Size",
      "width": 43,
      "height": 43
    },
    "_children": [],
    "_rotationX": 0,
    "_rotationY": 0,
    "_scaleX": 1,
    "_scaleY": 1,
    "_position": {
      "__type__": "cc.Vec2",
      "x": 118,
      "y": 131
    },
    "_skewX": 0,
    "_skewY": 0,
    "_localZOrder": 0,
    "_globalZOrder": 0,
    "_tag": -1,
    "_opacityModifyRGB": false,
    "_id": "",
    "_active": true,
    "_components": [
      {
        "__id__": 53
      },
      {
        "__id__": 54
      },
      {
        "__id__": 55
      }
    ],
    "_prefab": {
      "__id__": 56
    },
    "groupIndex": 3
  },
  {
    "__type__": "cc.Sprite",
    "_name": "",
    "_objFlags": 0,
    "node": {
      "__id__": 52
    },
    "_enabled": true,
    "_spriteFrame": {
      "__uuid__": "a050d3fa-d21f-44ff-8354-a14e949eb330"
    },
    "_type": 0,
    "_sizeMode": 1,
    "_fillType": 0,
    "_fillCenter": {
      "__type__": "cc.Vec2",
      "x": 0,
      "y": 0
    },
    "_fillStart": 0,
    "_fillRange": 0,
    "_isTrimmedMode": true,
    "_srcBlendFactor": 770,
    "_dstBlendFactor": 771,
    "_atlas": {
      "__uuid__": "27822d9a-4ac0-473a-bec2-4bece7eda591"
    }
  },
  {
    "__type__": "cc.Animation",
    "_name": "",
    "_objFlags": 0,
    "node": {
      "__id__": 52
    },
    "_enabled": true,
    "_defaultClip": {
      "__uuid__": "b59c81e6-738c-4d04-ad7b-9c4b7d816cf4"
    },
    "_clips": [
      {
        "__uuid__": "b59c81e6-738c-4d04-ad7b-9c4b7d816cf4"
      }
    ],
    "playOnLoad": true
  },
  {
    "__type__": "cc.BoxCollider",
    "_name": "",
    "_objFlags": 0,
    "node": {
      "__id__": 52
    },
    "_enabled": true,
    "tag": 1,
    "_offset": {
      "__type__": "cc.Vec2",
      "x": 0,
      "y": -0.1
    },
    "_size": {
      "__type__": "cc.Size",
      "width": 32.5,
      "height": 33.8
    }
  },
  {
    "__type__": "cc.PrefabInfo",
    "root": {
      "__id__": 1
    },
    "asset": {
      "__uuid__": "1d67bb5d-6428-4013-9c24-0032a831b13c"
    },
    "fileId": "f6292g0U6JOIqiitHtKhWD2"
  },
  {
    "__type__": "cc.Node",
    "_name": "gold",
    "_objFlags": 0,
    "_opacity": 255,
    "_color": {
      "__type__": "cc.Color",
      "r": 255,
      "g": 255,
      "b": 255,
      "a": 255
    },
    "_cascadeOpacityEnabled": true,
    "_parent": {
      "__id__": 1
    },
    "_anchorPoint": {
      "__type__": "cc.Vec2",
      "x": 0.5,
      "y": 0.5
    },
    "_contentSize": {
      "__type__": "cc.Size",
      "width": 43,
      "height": 43
    },
    "_children": [],
    "_rotationX": 0,
    "_rotationY": 0,
    "_scaleX": 1,
    "_scaleY": 1,
    "_position": {
      "__type__": "cc.Vec2",
      "x": 178,
      "y": 190
    },
    "_skewX": 0,
    "_skewY": 0,
    "_localZOrder": 0,
    "_globalZOrder": 0,
    "_tag": -1,
    "_opacityModifyRGB": false,
    "_id": "",
    "_active": true,
    "_components": [
      {
        "__id__": 58
      },
      {
        "__id__": 59
      },
      {
        "__id__": 60
      }
    ],
    "_prefab": {
      "__id__": 61
    },
    "groupIndex": 3
  },
  {
    "__type__": "cc.Sprite",
    "_name": "",
    "_objFlags": 0,
    "node": {
      "__id__": 57
    },
    "_enabled": true,
    "_spriteFrame": {
      "__uuid__": "a050d3fa-d21f-44ff-8354-a14e949eb330"
    },
    "_type": 0,
    "_sizeMode": 1,
    "_fillType": 0,
    "_fillCenter": {
      "__type__": "cc.Vec2",
      "x": 0,
      "y": 0
    },
    "_fillStart": 0,
    "_fillRange": 0,
    "_isTrimmedMode": true,
    "_srcBlendFactor": 770,
    "_dstBlendFactor": 771,
    "_atlas": {
      "__uuid__": "27822d9a-4ac0-473a-bec2-4bece7eda591"
    }
  },
  {
    "__type__": "cc.Animation",
    "_name": "",
    "_objFlags": 0,
    "node": {
      "__id__": 57
    },
    "_enabled": true,
    "_defaultClip": {
      "__uuid__": "b59c81e6-738c-4d04-ad7b-9c4b7d816cf4"
    },
    "_clips": [
      {
        "__uuid__": "b59c81e6-738c-4d04-ad7b-9c4b7d816cf4"
      }
    ],
    "playOnLoad": true
  },
  {
    "__type__": "cc.BoxCollider",
    "_name": "",
    "_objFlags": 0,
    "node": {
      "__id__": 57
    },
    "_enabled": true,
    "tag": 1,
    "_offset": {
      "__type__": "cc.Vec2",
      "x": 0,
      "y": -0.1
    },
    "_size": {
      "__type__": "cc.Size",
      "width": 32.5,
      "height": 33.8
    }
  },
  {
    "__type__": "cc.PrefabInfo",
    "root": {
      "__id__": 1
    },
    "asset": {
      "__uuid__": "1d67bb5d-6428-4013-9c24-0032a831b13c"
    },
    "fileId": "21b95B/QixOZK9d5vTrpkj1"
  },
  {
    "__type__": "cc.Node",
    "_name": "gold",
    "_objFlags": 0,
    "_opacity": 255,
    "_color": {
      "__type__": "cc.Color",
      "r": 255,
      "g": 255,
      "b": 255,
      "a": 255
    },
    "_cascadeOpacityEnabled": true,
    "_parent": {
      "__id__": 1
    },
    "_anchorPoint": {
      "__type__": "cc.Vec2",
      "x": 0.5,
      "y": 0.5
    },
    "_contentSize": {
      "__type__": "cc.Size",
      "width": 43,
      "height": 43
    },
    "_children": [],
    "_rotationX": 0,
    "_rotationY": 0,
    "_scaleX": 1,
    "_scaleY": 1,
    "_position": {
      "__type__": "cc.Vec2",
      "x": 1,
      "y": 312
    },
    "_skewX": 0,
    "_skewY": 0,
    "_localZOrder": 0,
    "_globalZOrder": 0,
    "_tag": -1,
    "_opacityModifyRGB": false,
    "_id": "",
    "_active": true,
    "_components": [
      {
        "__id__": 63
      },
      {
        "__id__": 64
      },
      {
        "__id__": 65
      }
    ],
    "_prefab": {
      "__id__": 66
    },
    "groupIndex": 3
  },
  {
    "__type__": "cc.Sprite",
    "_name": "",
    "_objFlags": 0,
    "node": {
      "__id__": 62
    },
    "_enabled": true,
    "_spriteFrame": {
      "__uuid__": "a050d3fa-d21f-44ff-8354-a14e949eb330"
    },
    "_type": 0,
    "_sizeMode": 1,
    "_fillType": 0,
    "_fillCenter": {
      "__type__": "cc.Vec2",
      "x": 0,
      "y": 0
    },
    "_fillStart": 0,
    "_fillRange": 0,
    "_isTrimmedMode": true,
    "_srcBlendFactor": 770,
    "_dstBlendFactor": 771,
    "_atlas": {
      "__uuid__": "27822d9a-4ac0-473a-bec2-4bece7eda591"
    }
  },
  {
    "__type__": "cc.Animation",
    "_name": "",
    "_objFlags": 0,
    "node": {
      "__id__": 62
    },
    "_enabled": true,
    "_defaultClip": {
      "__uuid__": "b59c81e6-738c-4d04-ad7b-9c4b7d816cf4"
    },
    "_clips": [
      {
        "__uuid__": "b59c81e6-738c-4d04-ad7b-9c4b7d816cf4"
      }
    ],
    "playOnLoad": true
  },
  {
    "__type__": "cc.BoxCollider",
    "_name": "",
    "_objFlags": 0,
    "node": {
      "__id__": 62
    },
    "_enabled": true,
    "tag": 1,
    "_offset": {
      "__type__": "cc.Vec2",
      "x": 0,
      "y": -0.1
    },
    "_size": {
      "__type__": "cc.Size",
      "width": 32.5,
      "height": 33.8
    }
  },
  {
    "__type__": "cc.PrefabInfo",
    "root": {
      "__id__": 1
    },
    "asset": {
      "__uuid__": "1d67bb5d-6428-4013-9c24-0032a831b13c"
    },
    "fileId": "55a7fqfA/BOqYYlq5ozk+Hp"
  },
  {
    "__type__": "cc.Node",
    "_name": "gold",
    "_objFlags": 0,
    "_opacity": 255,
    "_color": {
      "__type__": "cc.Color",
      "r": 255,
      "g": 255,
      "b": 255,
      "a": 255
    },
    "_cascadeOpacityEnabled": true,
    "_parent": {
      "__id__": 1
    },
    "_anchorPoint": {
      "__type__": "cc.Vec2",
      "x": 0.5,
      "y": 0.5
    },
    "_contentSize": {
      "__type__": "cc.Size",
      "width": 43,
      "height": 43
    },
    "_children": [],
    "_rotationX": 0,
    "_rotationY": 0,
    "_scaleX": 1,
    "_scaleY": 1,
    "_position": {
      "__type__": "cc.Vec2",
      "x": 157,
      "y": 327
    },
    "_skewX": 0,
    "_skewY": 0,
    "_localZOrder": 0,
    "_globalZOrder": 0,
    "_tag": -1,
    "_opacityModifyRGB": false,
    "_id": "",
    "_active": true,
    "_components": [
      {
        "__id__": 68
      },
      {
        "__id__": 69
      },
      {
        "__id__": 70
      }
    ],
    "_prefab": {
      "__id__": 71
    },
    "groupIndex": 3
  },
  {
    "__type__": "cc.Sprite",
    "_name": "",
    "_objFlags": 0,
    "node": {
      "__id__": 67
    },
    "_enabled": true,
    "_spriteFrame": {
      "__uuid__": "a050d3fa-d21f-44ff-8354-a14e949eb330"
    },
    "_type": 0,
    "_sizeMode": 1,
    "_fillType": 0,
    "_fillCenter": {
      "__type__": "cc.Vec2",
      "x": 0,
      "y": 0
    },
    "_fillStart": 0,
    "_fillRange": 0,
    "_isTrimmedMode": true,
    "_srcBlendFactor": 770,
    "_dstBlendFactor": 771,
    "_atlas": {
      "__uuid__": "27822d9a-4ac0-473a-bec2-4bece7eda591"
    }
  },
  {
    "__type__": "cc.Animation",
    "_name": "",
    "_objFlags": 0,
    "node": {
      "__id__": 67
    },
    "_enabled": true,
    "_defaultClip": {
      "__uuid__": "b59c81e6-738c-4d04-ad7b-9c4b7d816cf4"
    },
    "_clips": [
      {
        "__uuid__": "b59c81e6-738c-4d04-ad7b-9c4b7d816cf4"
      }
    ],
    "playOnLoad": true
  },
  {
    "__type__": "cc.BoxCollider",
    "_name": "",
    "_objFlags": 0,
    "node": {
      "__id__": 67
    },
    "_enabled": true,
    "tag": 1,
    "_offset": {
      "__type__": "cc.Vec2",
      "x": 0,
      "y": -0.1
    },
    "_size": {
      "__type__": "cc.Size",
      "width": 32.5,
      "height": 33.8
    }
  },
  {
    "__type__": "cc.PrefabInfo",
    "root": {
      "__id__": 1
    },
    "asset": {
      "__uuid__": "1d67bb5d-6428-4013-9c24-0032a831b13c"
    },
    "fileId": "45d33Gi+/lPHZqNXCWxLMO6"
  },
  {
    "__type__": "cc.PrefabInfo",
    "root": {
      "__id__": 1
    },
    "asset": {
      "__uuid__": "1d67bb5d-6428-4013-9c24-0032a831b13c"
    },
    "fileId": "2aaddyq8Q5Oh6EhQhrvZcPH"
  }
]