[
  {
    "__type__": "cc.Prefab",
    "_name": "gold-group-1",
    "_objFlags": 0,
    "_rawFiles": null,
    "data": {
      "__id__": 1
    }
  },
  {
    "__type__": "cc.Node",
    "_name": "gold-group-1",
    "_objFlags": 0,
    "_opacity": 255,
    "_color": {
      "__type__": "cc.Color",
      "r": 255,
      "g": 255,
      "b": 255,
      "a": 255
    },
    "_cascadeOpacityEnabled": true,
    "_parent": null,
    "_anchorPoint": {
      "__type__": "cc.Vec2",
      "x": 0.5,
      "y": 0.5
    },
    "_contentSize": {
      "__type__": "cc.Size",
      "width": 0,
      "height": 0
    },
    "_children": [
      {
        "__id__": 2
      },
      {
        "__id__": 7
      },
      {
        "__id__": 12
      },
      {
        "__id__": 17
      },
      {
        "__id__": 22
      },
      {
        "__id__": 27
      },
      {
        "__id__": 32
      },
      {
        "__id__": 37
      }
    ],
    "_rotationX": 0,
    "_rotationY": 0,
    "_scaleX": 1,
    "_scaleY": 1,
    "_position": {
      "__type__": "cc.Vec2",
      "x": 694.8,
      "y": 72
    },
    "_skewX": 0,
    "_skewY": 0,
    "_localZOrder": 0,
    "_globalZOrder": 0,
    "_tag": -1,
    "_opacityModifyRGB": false,
    "_id": "",
    "_active": true,
    "_components": [],
    "_prefab": {
      "__id__": 42
    },
    "groupIndex": 0
  },
  {
    "__type__": "cc.Node",
    "_name": "gold",
    "_objFlags": 0,
    "_opacity": 255,
    "_color": {
      "__type__": "cc.Color",
      "r": 255,
      "g": 255,
      "b": 255,
      "a": 255
    },
    "_cascadeOpacityEnabled": true,
    "_parent": {
      "__id__": 1
    },
    "_anchorPoint": {
      "__type__": "cc.Vec2",
      "x": 0.5,
      "y": 0.5
    },
    "_contentSize": {
      "__type__": "cc.Size",
      "width": 43,
      "height": 43
    },
    "_children": [],
    "_rotationX": 0,
    "_rotationY": 0,
    "_scaleX": 1,
    "_scaleY": 1,
    "_position": {
      "__type__": "cc.Vec2",
      "x": -61,
      "y": 170
    },
    "_skewX": 0,
    "_skewY": 0,
    "_localZOrder": 0,
    "_globalZOrder": 0,
    "_tag": -1,
    "_opacityModifyRGB": false,
    "_id": "",
    "_active": true,
    "_components": [
      {
        "__id__": 3
      },
      {
        "__id__": 4
      },
      {
        "__id__": 5
      }
    ],
    "_prefab": {
      "__id__": 6
    },
    "groupIndex": 3
  },
  {
    "__type__": "cc.Sprite",
    "_name": "",
    "_objFlags": 0,
    "node": {
      "__id__": 2
    },
    "_enabled": true,
    "_spriteFrame": {
      "__uuid__": "a050d3fa-d21f-44ff-8354-a14e949eb330"
    },
    "_type": 0,
    "_sizeMode": 1,
    "_fillType": 0,
    "_fillCenter": {
      "__type__": "cc.Vec2",
      "x": 0,
      "y": 0
    },
    "_fillStart": 0,
    "_fillRange": 0,
    "_isTrimmedMode": true,
    "_srcBlendFactor": 770,
    "_dstBlendFactor": 771,
    "_atlas": {
      "__uuid__": "27822d9a-4ac0-473a-bec2-4bece7eda591"
    }
  },
  {
    "__type__": "cc.Animation",
    "_name": "",
    "_objFlags": 0,
    "node": {
      "__id__": 2
    },
    "_enabled": true,
    "_defaultClip": {
      "__uuid__": "b59c81e6-738c-4d04-ad7b-9c4b7d816cf4"
    },
    "_clips": [
      {
        "__uuid__": "b59c81e6-738c-4d04-ad7b-9c4b7d816cf4"
      }
    ],
    "playOnLoad": true
  },
  {
    "__type__": "cc.BoxCollider",
    "_name": "",
    "_objFlags": 0,
    "node": {
      "__id__": 2
    },
    "_enabled": true,
    "tag": 1,
    "_offset": {
      "__type__": "cc.Vec2",
      "x": 0,
      "y": -0.1
    },
    "_size": {
      "__type__": "cc.Size",
      "width": 32.5,
      "height": 33.8
    }
  },
  {
    "__type__": "cc.PrefabInfo",
    "root": {
      "__id__": 1
    },
    "asset": null,
    "fileId": "ceb732cKrRPELMhoX+LNbJ2"
  },
  {
    "__type__": "cc.Node",
    "_name": "gold",
    "_objFlags": 0,
    "_opacity": 255,
    "_color": {
      "__type__": "cc.Color",
      "r": 255,
      "g": 255,
      "b": 255,
      "a": 255
    },
    "_cascadeOpacityEnabled": true,
    "_parent": {
      "__id__": 1
    },
    "_anchorPoint": {
      "__type__": "cc.Vec2",
      "x": 0.5,
      "y": 0.5
    },
    "_contentSize": {
      "__type__": "cc.Size",
      "width": 43,
      "height": 43
    },
    "_children": [],
    "_rotationX": 0,
    "_rotationY": 0,
    "_scaleX": 1,
    "_scaleY": 1,
    "_position": {
      "__type__": "cc.Vec2",
      "x": -25,
      "y": 130
    },
    "_skewX": 0,
    "_skewY": 0,
    "_localZOrder": 0,
    "_globalZOrder": 0,
    "_tag": -1,
    "_opacityModifyRGB": false,
    "_id": "",
    "_active": true,
    "_components": [
      {
        "__id__": 8
      },
      {
        "__id__": 9
      },
      {
        "__id__": 10
      }
    ],
    "_prefab": {
      "__id__": 11
    },
    "groupIndex": 3
  },
  {
    "__type__": "cc.Sprite",
    "_name": "",
    "_objFlags": 0,
    "node": {
      "__id__": 7
    },
    "_enabled": true,
    "_spriteFrame": {
      "__uuid__": "a050d3fa-d21f-44ff-8354-a14e949eb330"
    },
    "_type": 0,
    "_sizeMode": 1,
    "_fillType": 0,
    "_fillCenter": {
      "__type__": "cc.Vec2",
      "x": 0,
      "y": 0
    },
    "_fillStart": 0,
    "_fillRange": 0,
    "_isTrimmedMode": true,
    "_srcBlendFactor": 770,
    "_dstBlendFactor": 771,
    "_atlas": {
      "__uuid__": "27822d9a-4ac0-473a-bec2-4bece7eda591"
    }
  },
  {
    "__type__": "cc.Animation",
    "_name": "",
    "_objFlags": 0,
    "node": {
      "__id__": 7
    },
    "_enabled": true,
    "_defaultClip": {
      "__uuid__": "b59c81e6-738c-4d04-ad7b-9c4b7d816cf4"
    },
    "_clips": [
      {
        "__uuid__": "b59c81e6-738c-4d04-ad7b-9c4b7d816cf4"
      }
    ],
    "playOnLoad": true
  },
  {
    "__type__": "cc.BoxCollider",
    "_name": "",
    "_objFlags": 0,
    "node": {
      "__id__": 7
    },
    "_enabled": true,
    "tag": 1,
    "_offset": {
      "__type__": "cc.Vec2",
      "x": 0,
      "y": -0.1
    },
    "_size": {
      "__type__": "cc.Size",
      "width": 32.5,
      "height": 33.8
    }
  },
  {
    "__type__": "cc.PrefabInfo",
    "root": {
      "__id__": 1
    },
    "asset": null,
    "fileId": "9f0fbJzBTNI7qj+mPCMDxOe"
  },
  {
    "__type__": "cc.Node",
    "_name": "gold",
    "_objFlags": 0,
    "_opacity": 255,
    "_color": {
      "__type__": "cc.Color",
      "r": 255,
      "g": 255,
      "b": 255,
      "a": 255
    },
    "_cascadeOpacityEnabled": true,
    "_parent": {
      "__id__": 1
    },
    "_anchorPoint": {
      "__type__": "cc.Vec2",
      "x": 0.5,
      "y": 0.5
    },
    "_contentSize": {
      "__type__": "cc.Size",
      "width": 43,
      "height": 43
    },
    "_children": [],
    "_rotationX": 0,
    "_rotationY": 0,
    "_scaleX": 1,
    "_scaleY": 1,
    "_position": {
      "__type__": "cc.Vec2",
      "x": 22,
      "y": 86
    },
    "_skewX": 0,
    "_skewY": 0,
    "_localZOrder": 0,
    "_globalZOrder": 0,
    "_tag": -1,
    "_opacityModifyRGB": false,
    "_id": "",
    "_active": true,
    "_components": [
      {
        "__id__": 13
      },
      {
        "__id__": 14
      },
      {
        "__id__": 15
      }
    ],
    "_prefab": {
      "__id__": 16
    },
    "groupIndex": 3
  },
  {
    "__type__": "cc.Sprite",
    "_name": "",
    "_objFlags": 0,
    "node": {
      "__id__": 12
    },
    "_enabled": true,
    "_spriteFrame": {
      "__uuid__": "a050d3fa-d21f-44ff-8354-a14e949eb330"
    },
    "_type": 0,
    "_sizeMode": 1,
    "_fillType": 0,
    "_fillCenter": {
      "__type__": "cc.Vec2",
      "x": 0,
      "y": 0
    },
    "_fillStart": 0,
    "_fillRange": 0,
    "_isTrimmedMode": true,
    "_srcBlendFactor": 770,
    "_dstBlendFactor": 771,
    "_atlas": {
      "__uuid__": "27822d9a-4ac0-473a-bec2-4bece7eda591"
    }
  },
  {
    "__type__": "cc.Animation",
    "_name": "",
    "_objFlags": 0,
    "node": {
      "__id__": 12
    },
    "_enabled": true,
    "_defaultClip": {
      "__uuid__": "b59c81e6-738c-4d04-ad7b-9c4b7d816cf4"
    },
    "_clips": [
      {
        "__uuid__": "b59c81e6-738c-4d04-ad7b-9c4b7d816cf4"
      }
    ],
    "playOnLoad": true
  },
  {
    "__type__": "cc.BoxCollider",
    "_name": "",
    "_objFlags": 0,
    "node": {
      "__id__": 12
    },
    "_enabled": true,
    "tag": 1,
    "_offset": {
      "__type__": "cc.Vec2",
      "x": 0,
      "y": -0.1
    },
    "_size": {
      "__type__": "cc.Size",
      "width": 32.5,
      "height": 33.8
    }
  },
  {
    "__type__": "cc.PrefabInfo",
    "root": {
      "__id__": 1
    },
    "asset": null,
    "fileId": "ff6c0WWxMdETLPzz7hmwZ0G"
  },
  {
    "__type__": "cc.Node",
    "_name": "gold",
    "_objFlags": 0,
    "_opacity": 255,
    "_color": {
      "__type__": "cc.Color",
      "r": 255,
      "g": 255,
      "b": 255,
      "a": 255
    },
    "_cascadeOpacityEnabled": true,
    "_parent": {
      "__id__": 1
    },
    "_anchorPoint": {
      "__type__": "cc.Vec2",
      "x": 0.5,
      "y": 0.5
    },
    "_contentSize": {
      "__type__": "cc.Size",
      "width": 43,
      "height": 43
    },
    "_children": [],
    "_rotationX": 0,
    "_rotationY": 0,
    "_scaleX": 1,
    "_scaleY": 1,
    "_position": {
      "__type__": "cc.Vec2",
      "x": 61,
      "y": 54
    },
    "_skewX": 0,
    "_skewY": 0,
    "_localZOrder": 0,
    "_globalZOrder": 0,
    "_tag": -1,
    "_opacityModifyRGB": false,
    "_id": "",
    "_active": true,
    "_components": [
      {
        "__id__": 18
      },
      {
        "__id__": 19
      },
      {
        "__id__": 20
      }
    ],
    "_prefab": {
      "__id__": 21
    },
    "groupIndex": 3
  },
  {
    "__type__": "cc.Sprite",
    "_name": "",
    "_objFlags": 0,
    "node": {
      "__id__": 17
    },
    "_enabled": true,
    "_spriteFrame": {
      "__uuid__": "a050d3fa-d21f-44ff-8354-a14e949eb330"
    },
    "_type": 0,
    "_sizeMode": 1,
    "_fillType": 0,
    "_fillCenter": {
      "__type__": "cc.Vec2",
      "x": 0,
      "y": 0
    },
    "_fillStart": 0,
    "_fillRange": 0,
    "_isTrimmedMode": true,
    "_srcBlendFactor": 770,
    "_dstBlendFactor": 771,
    "_atlas": {
      "__uuid__": "27822d9a-4ac0-473a-bec2-4bece7eda591"
    }
  },
  {
    "__type__": "cc.Animation",
    "_name": "",
    "_objFlags": 0,
    "node": {
      "__id__": 17
    },
    "_enabled": true,
    "_defaultClip": {
      "__uuid__": "b59c81e6-738c-4d04-ad7b-9c4b7d816cf4"
    },
    "_clips": [
      {
        "__uuid__": "b59c81e6-738c-4d04-ad7b-9c4b7d816cf4"
      }
    ],
    "playOnLoad": true
  },
  {
    "__type__": "cc.BoxCollider",
    "_name": "",
    "_objFlags": 0,
    "node": {
      "__id__": 17
    },
    "_enabled": true,
    "tag": 1,
    "_offset": {
      "__type__": "cc.Vec2",
      "x": 0,
      "y": -0.1
    },
    "_size": {
      "__type__": "cc.Size",
      "width": 32.5,
      "height": 33.8
    }
  },
  {
    "__type__": "cc.PrefabInfo",
    "root": {
      "__id__": 1
    },
    "asset": null,
    "fileId": "be2f2lztCdODqVnAF/mmIxj"
  },
  {
    "__type__": "cc.Node",
    "_name": "gold",
    "_objFlags": 0,
    "_opacity": 255,
    "_color": {
      "__type__": "cc.Color",
      "r": 255,
      "g": 255,
      "b": 255,
      "a": 255
    },
    "_cascadeOpacityEnabled": true,
    "_parent": {
      "__id__": 1
    },
    "_anchorPoint": {
      "__type__": "cc.Vec2",
      "x": 0.5,
      "y": 0.5
    },
    "_contentSize": {
      "__type__": "cc.Size",
      "width": 43,
      "height": 43
    },
    "_children": [],
    "_rotationX": 0,
    "_rotationY": 0,
    "_scaleX": 1,
    "_scaleY": 1,
    "_position": {
      "__type__": "cc.Vec2",
      "x": -60,
      "y": 54
    },
    "_skewX": 0,
    "_skewY": 0,
    "_localZOrder": 0,
    "_globalZOrder": 0,
    "_tag": -1,
    "_opacityModifyRGB": false,
    "_id": "",
    "_active": true,
    "_components": [
      {
        "__id__": 23
      },
      {
        "__id__": 24
      },
      {
        "__id__": 25
      }
    ],
    "_prefab": {
      "__id__": 26
    },
    "groupIndex": 3
  },
  {
    "__type__": "cc.Sprite",
    "_name": "",
    "_objFlags": 0,
    "node": {
      "__id__": 22
    },
    "_enabled": true,
    "_spriteFrame": {
      "__uuid__": "a050d3fa-d21f-44ff-8354-a14e949eb330"
    },
    "_type": 0,
    "_sizeMode": 1,
    "_fillType": 0,
    "_fillCenter": {
      "__type__": "cc.Vec2",
      "x": 0,
      "y": 0
    },
    "_fillStart": 0,
    "_fillRange": 0,
    "_isTrimmedMode": true,
    "_srcBlendFactor": 770,
    "_dstBlendFactor": 771,
    "_atlas": {
      "__uuid__": "27822d9a-4ac0-473a-bec2-4bece7eda591"
    }
  },
  {
    "__type__": "cc.Animation",
    "_name": "",
    "_objFlags": 0,
    "node": {
      "__id__": 22
    },
    "_enabled": true,
    "_defaultClip": {
      "__uuid__": "b59c81e6-738c-4d04-ad7b-9c4b7d816cf4"
    },
    "_clips": [
      {
        "__uuid__": "b59c81e6-738c-4d04-ad7b-9c4b7d816cf4"
      }
    ],
    "playOnLoad": true
  },
  {
    "__type__": "cc.BoxCollider",
    "_name": "",
    "_objFlags": 0,
    "node": {
      "__id__": 22
    },
    "_enabled": true,
    "tag": 1,
    "_offset": {
      "__type__": "cc.Vec2",
      "x": 0,
      "y": -0.1
    },
    "_size": {
      "__type__": "cc.Size",
      "width": 32.5,
      "height": 33.8
    }
  },
  {
    "__type__": "cc.PrefabInfo",
    "root": {
      "__id__": 1
    },
    "asset": null,
    "fileId": "b0507HQEWNFWrG4sqhnDU7N"
  },
  {
    "__type__": "cc.Node",
    "_name": "gold",
    "_objFlags": 0,
    "_opacity": 255,
    "_color": {
      "__type__": "cc.Color",
      "r": 255,
      "g": 255,
      "b": 255,
      "a": 255
    },
    "_cascadeOpacityEnabled": true,
    "_parent": {
      "__id__": 1
    },
    "_anchorPoint": {
      "__type__": "cc.Vec2",
      "x": 0.5,
      "y": 0.5
    },
    "_contentSize": {
      "__type__": "cc.Size",
      "width": 43,
      "height": 43
    },
    "_children": [],
    "_rotationX": 0,
    "_rotationY": 0,
    "_scaleX": 1,
    "_scaleY": 1,
    "_position": {
      "__type__": "cc.Vec2",
      "x": -26,
      "y": 86
    },
    "_skewX": 0,
    "_skewY": 0,
    "_localZOrder": 0,
    "_globalZOrder": 0,
    "_tag": -1,
    "_opacityModifyRGB": false,
    "_id": "",
    "_active": true,
    "_components": [
      {
        "__id__": 28
      },
      {
        "__id__": 29
      },
      {
        "__id__": 30
      }
    ],
    "_prefab": {
      "__id__": 31
    },
    "groupIndex": 3
  },
  {
    "__type__": "cc.Sprite",
    "_name": "",
    "_objFlags": 0,
    "node": {
      "__id__": 27
    },
    "_enabled": true,
    "_spriteFrame": {
      "__uuid__": "a050d3fa-d21f-44ff-8354-a14e949eb330"
    },
    "_type": 0,
    "_sizeMode": 1,
    "_fillType": 0,
    "_fillCenter": {
      "__type__": "cc.Vec2",
      "x": 0,
      "y": 0
    },
    "_fillStart": 0,
    "_fillRange": 0,
    "_isTrimmedMode": true,
    "_srcBlendFactor": 770,
    "_dstBlendFactor": 771,
    "_atlas": {
      "__uuid__": "27822d9a-4ac0-473a-bec2-4bece7eda591"
    }
  },
  {
    "__type__": "cc.Animation",
    "_name": "",
    "_objFlags": 0,
    "node": {
      "__id__": 27
    },
    "_enabled": true,
    "_defaultClip": {
      "__uuid__": "b59c81e6-738c-4d04-ad7b-9c4b7d816cf4"
    },
    "_clips": [
      {
        "__uuid__": "b59c81e6-738c-4d04-ad7b-9c4b7d816cf4"
      }
    ],
    "playOnLoad": true
  },
  {
    "__type__": "cc.BoxCollider",
    "_name": "",
    "_objFlags": 0,
    "node": {
      "__id__": 27
    },
    "_enabled": true,
    "tag": 1,
    "_offset": {
      "__type__": "cc.Vec2",
      "x": 0,
      "y": -0.1
    },
    "_size": {
      "__type__": "cc.Size",
      "width": 32.5,
      "height": 33.8
    }
  },
  {
    "__type__": "cc.PrefabInfo",
    "root": {
      "__id__": 1
    },
    "asset": null,
    "fileId": "b174fKoRblIMb4htr5bt1+v"
  },
  {
    "__type__": "cc.Node",
    "_name": "gold",
    "_objFlags": 0,
    "_opacity": 255,
    "_color": {
      "__type__": "cc.Color",
      "r": 255,
      "g": 255,
      "b": 255,
      "a": 255
    },
    "_cascadeOpacityEnabled": true,
    "_parent": {
      "__id__": 1
    },
    "_anchorPoint": {
      "__type__": "cc.Vec2",
      "x": 0.5,
      "y": 0.5
    },
    "_contentSize": {
      "__type__": "cc.Size",
      "width": 43,
      "height": 43
    },
    "_children": [],
    "_rotationX": 0,
    "_rotationY": 0,
    "_scaleX": 1,
    "_scaleY": 1,
    "_position": {
      "__type__": "cc.Vec2",
      "x": 20,
      "y": 129
    },
    "_skewX": 0,
    "_skewY": 0,
    "_localZOrder": 0,
    "_globalZOrder": 0,
    "_tag": -1,
    "_opacityModifyRGB": false,
    "_id": "",
    "_active": true,
    "_components": [
      {
        "__id__": 33
      },
      {
        "__id__": 34
      },
      {
        "__id__": 35
      }
    ],
    "_prefab": {
      "__id__": 36
    },
    "groupIndex": 3
  },
  {
    "__type__": "cc.Sprite",
    "_name": "",
    "_objFlags": 0,
    "node": {
      "__id__": 32
    },
    "_enabled": true,
    "_spriteFrame": {
      "__uuid__": "a050d3fa-d21f-44ff-8354-a14e949eb330"
    },
    "_type": 0,
    "_sizeMode": 1,
    "_fillType": 0,
    "_fillCenter": {
      "__type__": "cc.Vec2",
      "x": 0,
      "y": 0
    },
    "_fillStart": 0,
    "_fillRange": 0,
    "_isTrimmedMode": true,
    "_srcBlendFactor": 770,
    "_dstBlendFactor": 771,
    "_atlas": {
      "__uuid__": "27822d9a-4ac0-473a-bec2-4bece7eda591"
    }
  },
  {
    "__type__": "cc.Animation",
    "_name": "",
    "_objFlags": 0,
    "node": {
      "__id__": 32
    },
    "_enabled": true,
    "_defaultClip": {
      "__uuid__": "b59c81e6-738c-4d04-ad7b-9c4b7d816cf4"
    },
    "_clips": [
      {
        "__uuid__": "b59c81e6-738c-4d04-ad7b-9c4b7d816cf4"
      }
    ],
    "playOnLoad": true
  },
  {
    "__type__": "cc.BoxCollider",
    "_name": "",
    "_objFlags": 0,
    "node": {
      "__id__": 32
    },
    "_enabled": true,
    "tag": 1,
    "_offset": {
      "__type__": "cc.Vec2",
      "x": 0,
      "y": -0.1
    },
    "_size": {
      "__type__": "cc.Size",
      "width": 32.5,
      "height": 33.8
    }
  },
  {
    "__type__": "cc.PrefabInfo",
    "root": {
      "__id__": 1
    },
    "asset": null,
    "fileId": "5b99d0g/lFHrqWyHHrnXnLv"
  },
  {
    "__type__": "cc.Node",
    "_name": "gold",
    "_objFlags": 0,
    "_opacity": 255,
    "_color": {
      "__type__": "cc.Color",
      "r": 255,
      "g": 255,
      "b": 255,
      "a": 255
    },
    "_cascadeOpacityEnabled": true,
    "_parent": {
      "__id__": 1
    },
    "_anchorPoint": {
      "__type__": "cc.Vec2",
      "x": 0.5,
      "y": 0.5
    },
    "_contentSize": {
      "__type__": "cc.Size",
      "width": 43,
      "height": 43
    },
    "_children": [],
    "_rotationX": 0,
    "_rotationY": 0,
    "_scaleX": 1,
    "_scaleY": 1,
    "_position": {
      "__type__": "cc.Vec2",
      "x": 62,
      "y": 168
    },
    "_skewX": 0,
    "_skewY": 0,
    "_localZOrder": 0,
    "_globalZOrder": 0,
    "_tag": -1,
    "_opacityModifyRGB": false,
    "_id": "",
    "_active": true,
    "_components": [
      {
        "__id__": 38
      },
      {
        "__id__": 39
      },
      {
        "__id__": 40
      }
    ],
    "_prefab": {
      "__id__": 41
    },
    "groupIndex": 3
  },
  {
    "__type__": "cc.Sprite",
    "_name": "",
    "_objFlags": 0,
    "node": {
      "__id__": 37
    },
    "_enabled": true,
    "_spriteFrame": {
      "__uuid__": "a050d3fa-d21f-44ff-8354-a14e949eb330"
    },
    "_type": 0,
    "_sizeMode": 1,
    "_fillType": 0,
    "_fillCenter": {
      "__type__": "cc.Vec2",
      "x": 0,
      "y": 0
    },
    "_fillStart": 0,
    "_fillRange": 0,
    "_isTrimmedMode": true,
    "_srcBlendFactor": 770,
    "_dstBlendFactor": 771,
    "_atlas": {
      "__uuid__": "27822d9a-4ac0-473a-bec2-4bece7eda591"
    }
  },
  {
    "__type__": "cc.Animation",
    "_name": "",
    "_objFlags": 0,
    "node": {
      "__id__": 37
    },
    "_enabled": true,
    "_defaultClip": {
      "__uuid__": "b59c81e6-738c-4d04-ad7b-9c4b7d816cf4"
    },
    "_clips": [
      {
        "__uuid__": "b59c81e6-738c-4d04-ad7b-9c4b7d816cf4"
      }
    ],
    "playOnLoad": true
  },
  {
    "__type__": "cc.BoxCollider",
    "_name": "",
    "_objFlags": 0,
    "node": {
      "__id__": 37
    },
    "_enabled": true,
    "tag": 1,
    "_offset": {
      "__type__": "cc.Vec2",
      "x": 0,
      "y": -0.1
    },
    "_size": {
      "__type__": "cc.Size",
      "width": 32.5,
      "height": 33.8
    }
  },
  {
    "__type__": "cc.PrefabInfo",
    "root": {
      "__id__": 1
    },
    "asset": null,
    "fileId": "5c0b3eDvkdEgr+dEuW+1/aH"
  },
  {
    "__type__": "cc.PrefabInfo",
    "root": {
      "__id__": 1
    },
    "asset": null,
    "fileId": "196a1t+Y85HEYGCVMpHk8uJ"
  }
]