{
  "item-states": [
    {
      "folded": false,
      "id": "mount-assets"
    },
    {
      "folded": true,
      "id": "41a3112d-2ff3-4cf2-b546-2eafa2388013"
    },
    {
      "folded": false,
      "id": "2d667528-bdbd-4e6a-8fd3-ae86c2bec532"
    },
    {
      "folded": true,
      "id": "9cc55f25-7923-4697-b103-016f8d229974"
    },
    {
      "folded": false,
      "id": "ce301661-6599-412b-8aa4-a4c8294be17d"
    },
    {
      "folded": true,
      "id": "4dbf2ea8-d8c0-4ea9-a1dd-70379b4f74f3"
    },
    {
      "folded": true,
      "id": "1164364f-d13e-4cca-96ae-727bbc377a12"
    },
    {
      "folded": true,
      "id": "5aa628eb-bec4-4c29-a9cc-c825ec54734d"
    },
    {
      "folded": false,
      "id": "bfe9f3cd-d3e0-4f6d-afa8-06302c25f054"
    },
    {
      "folded": true,
      "id": "6093e89b-1c78-4cb7-b9b6-97940327de85"
    },
    {
      "folded": true,
      "id": "448f8434-3d2b-4a2e-b62f-fd5c285ed8a2"
    },
    {
      "folded": true,
      "id": "c6c7c3f7-8679-4c6a-b42e-dbf55a379e03"
    },
    {
      "folded": true,
      "id": "f8efa3d1-5bf6-40f0-99ef-6864a510e8c0"
    },
    {
      "folded": true,
      "id": "5999f164-ece9-446a-add2-471499b78f96"
    },
    {
      "folded": true,
      "id": "27822d9a-4ac0-473a-bec2-4bece7eda591"
    },
    {
      "folded": true,
      "id": "e56a51a1-9114-4d4d-9aa2-ff5082459e28"
    },
    {
      "folded": true,
      "id": "787c339c-fec6-4742-bff2-24de7ff47050"
    },
    {
      "folded": true,
      "id": "5df4bc97-1f27-4880-8938-4b41470d1542"
    },
    {
      "folded": true,
      "id": "65bf188c-6b33-4e46-8f2d-9b1e728276c5"
    },
    {
      "folded": true,
      "id": "6c11aa59-da87-4c27-af48-8c981d0425f1"
    },
    {
      "folded": true,
      "id": "47f99b32-de44-4b0b-86d1-767204e8d825"
    }
  ]
}